2,5,!,価格,;-;)。,倍,入荷,チェック,商品,(-&#,34,3400,Amazon,毎日,追記,手,値段,適正,販売,円
10,5,電灯,10260,発売,今回,魅力,値段,mAh,購入,それなり,10800,重,容量
14,5,アマゾン,3,よう,,,価格
17,4,利用,重量,安心,感,価格
29,5,的,以上,解放,評価,の,値段,無かっ,物
38,5,時,値段,Amazon,の,自身
44,5,ない,値段,安い,)',(
48,4,場合,価格,値段,高い,3400,Amazon,台,方,それ,円
53,5,価格,差,けっこう,圧倒的,対応,こちら,せい
56,5,価格,倍,3500,以上,お気,代わり,値段,適正,円
58,5,値段,以上,早い,速度,働き
60,5,値段,安かっ,購入,性能,方
68,5,イイ,価格,激しい,感,変動
69,5,値段,高め,GALAXY
72,5,器,そこ,オススメ,需要,価格
83,5,価格,こと,同等,これ,安かっ
87,4,値段,等,すごい,状況,変動
90,3,Qi,値段,安い,対応,家電
91,5,便利,,,可能,4,価格
111,5,リーズナブル,価格,充電,の,非常
113,5,値段,他,割り,感,こちら
117,4,価格,優越,量販,店,感
121,5,便利,最高,あと,価格
124,4,代わり,価格,高い,先,発売
126,5,価格,質感,性能,内容,安心
130,5,値段,割,コストパフォーマンス,良い,容量
136,4,とも,回,性能,タン,価格
185,5,価格,品質,申し分
204,5,安かっ,購入,良好,コストパフォーマンス,価格
208,1,時,価格,購入,近所,量販
226,5,価格,外国,スザマジイ,破壊,製
240,3,価格,ブランド,エネループ,安く,パナ,容量
241,4,倍,反応,帯,気分,価格
