6,5,はで,値段,最悪,みなさん,レビュー
7,5,価格,確実,データ,高め,転送
10,5,値段,純正,安く,充電,線
20,5,レビュー,価格,良かっ,安い,純正,的,品,問題,値段,使用
38,5,同期,価格,手頃,パソコン,満足
41,5,ところ,値段,2,ホームセンター,倍
52,5,値段,ケーブル,対応
68,5,安い,価格,選択,商品,もの,問題,こと,丁寧
72,5,値段,満足,なく,様,非常
77,5,価格,的,よう,充電,コレ
86,5,価格,性,暑,さ,可能
88,5,価格,購入,今,品,安かっ
91,5,価格,手頃,良かっ,品
96,5,値段,十分,品質,もの,元
114,4,値段,２つ,手頃,購入,得
115,4,価格,表示,満足,値段,手頃,メッセージ
116,4,価格,文句,なし,品,安心
139,5,値段,正規,携帯,品,ショップ
149,4,同期,価格,共,パソコン,満足
152,5,値段,購入,良い,手頃,予備
153,4,値段,購入,こと,不安,魅力
158,4,値段,ケーブル,USB,品質,比例
161,4,値段,熱く,作り,悪い,製品
162,5,価格,こと,認証,品,安心
173,4,の,価格,断線,リーズナブル,多い
182,4,値段,半分,やすい,位,そう
183,5,値段,感じ,お買い得,もの
184,4,値段,手頃,事,いい,問題
186,1,価格,よかっ,倍,こちら,ケーブル
191,5,値段,純正,安く,注文,品
194,5,値段,次回,商品,保障,同じ
199,5,1,以前,満足,もの,価格
218,4,値段,購入,手頃,代わり,問題
220,5,値段,購入,ホワイト,他社,手ごろ
227,5,値段,十分,安い,の,これ
234,5,価格,apple,正解,半額
245,5,やすく,値段,安く,シッカリ,良い
247,5,安い,使用,なく,時,価格
250,5,通り,価格,購入,良かっ,問題
256,5,価格,購入,良かっ,手頃,正規
267,5,使用,文句,問題,クオリティー,価格
277,5,用,値段,購入,安く,問題
296,5,値段,手頃,品質,問題
305,4,値段,安,無く,バカ,問題
327,5,値段,手頃,やすい,今,非常
336,5,値段,リーズナブル,良かっ,充電,包装
342,4,値段,不具合,安く,満足
345,5,値段,正規,気,品,違い
346,5,用,値段,購入,手頃
347,5,普通,値段,なく,安い
348,4,値段,認証,買い得,済み
354,5,取引,価格,品質,良い
361,5,認証,価格,安く,満足
363,5,値段,いい,問題
374,5,値段,よい,手頃,普通
393,4,値段,使用,満足,安心
398,4,価格,じょうぶ,満足,(^^),そう
399,5,価格,2,本,満足
418,4,価格,ソフトバンク,断線,品,ショップ
421,5,価格,商品,良かっ,様々,メーカー
425,5,十分,値段,安く,iPhone,これ
426,5,値段,良かっ,の,妥当
427,5,価格,感じ,割り,満足
441,5,価格,得,充電,感,問題
456,5,価格,手頃,なく,よかっ
466,5,ない,値段,破損,さ,安
468,5,やすく,価格,商品,大変,満足
476,5,値段,商品,安く,良い
482,5,!!,値段,2,充電,確定
485,5,値段,安く,大きめ,品,満足
500,1,価格,手頃,MFI
513,5,注文,価格,商品,安く,安心
519,5,価格,仕方,うれしい,認定,４つ,高い,の,品,こと
522,1,値段,安,的,いい
529,5,値段,よかっ,期待,的
538,3,1,価格,的,なく,問題
551,5,太,値段,気,安い,いい
