1,5,価格,リリース,上,現在,3250,3750,4500,記念,9980,判断,正常,5,定価,(,小売,実,希望,販売,円,売
4,5,価格,とも,バッテリー,の,機能
7,1,良心,差,価格,出品,的,,,者,000,激しい
10,1,良し,価格,750,購入,良心,再開,3750,的,そこ,メーカー,本体,デザイン,の,転売,値段,高価,実現,販売,円,さん
11,5,用,値段,メーカ,の,マヌケ
13,1,価格,千,数,納得,的,早かっ,無茶,設定,値段,転売,欲しく,騒ぎ,円,早く
16,1,正規,皆さん,3750,円,価格
18,5,愛嬌,顔,値段,商品,遊び心
20,5,価格,デザイン,スペック,全て,バッテリ
23,3,かわいく,値段,よく,手頃,大き
25,4,値段,良心,デザイン,よく,的
27,4,値段,とてつもない,再販,よう,日
38,5,価格,やすい,充電,3750,範囲,安く,残,円,可能
49,5,価格,アホ,よう,げんなり,ホント
52,4,価格,気,購入,手頃,容量
53,5,値段,ボタン,手頃,半年,の
54,4,誰,近い,大量,ww,値段,屋,万,転売
55,5,０,価格,公式,６,バッテリー,メーカー,の,希望,販売
98,4,値段,安め,デザイン,かわいらしく,コストパフォーマンス
104,5,コラボ,値段,性,商品,実用
109,5,値段,10400,mA,いい
112,5,値段,デザイン,やすい,の,円
114,4,値段,意味,デザイン,楽しい,性能
131,5,価格,3750,安心,気,転売,購入
135,4,値段,量,充電,満足
140,5,値段,文句,安し,速度,良し
144,5,!!,価格,かわいい,衝動,容量
146,5,値段,ん,5,千,カート
163,5,価格,デザイン,かわいい,手頃
166,5,価格,珍しく,製品,今,容量
172,4,値段,ダンボーバージョン,素晴らしい,それ,高め
173,5,値段,クオリティ,満足,妥当,容量
174,5,通り,価格,購入,商品,通常
234,5,値段,十分,大変,要領,満足
235,5,価格,倍,転売,多い,商品,cheero,高い,2,の,驚き,値段,半額,提供,円
236,5,価格,,,3,3750,性能,サイト,モバイル,デザイン,円,製品,値段,適正,前,販売,定価
242,5,十分,利用,値段,4000,円
247,5,充電,なに,対応,容量,価格
253,5,価格,デザイン,機能
262,5,業者,価格,明らか,法外,販売
263,5,値段,戦い,容量,日々,手ごろ
265,5,価格,気,手頃,さ,見た目
271,4,値段,可愛い,手頃,割,容量
275,5,等,友人,破格,新品,ケーブル,値段,手,円,1000
278,5,不良,初期,良品,商品,ん,値段,購入,円,容量
305,5,やすく,価格,可愛く,の,いい
307,5,値段,1,どれ,の,年
325,5,可愛い,事,容量,持ち運び,価格
326,5,価格,小売,希望,円,6980
335,5,価格,不当,いい,の,プレミア,購入,販売
355,5,値段,安かっ,の,可愛かっ
384,5,０,価格,クリック,ワン,円
394,5,ない,価格,可愛,さ,申し分
395,4,笑,５,iPhone,さ,価格
403,5,不便,値段,4,さ,,
406,5,値段,MAX,気,品質,満足
409,5,価格,よう,在庫,安定,プライム,業者,値段,安値,くり,販売
417,3,両方,価格,(,定価,容量
427,5,値段,安,事,なく,中国
429,4,実用,的,3,拍子,価格
430,5,値段,以前,製,21,中国
432,5,値段,遊び,デザイン,購入,容量
433,4,値段,見た目,３,拍子,容量
448,5,十分,価格,良かっ,の,これ
449,5,大体,可愛い,値段,ススメ,これ
461,4,値段,安い,iPad,とも,満足
466,4,値段,付属,の,品,品定め
469,5,価格,気,ダン,ボー,容量
474,5,安い,回,得,いい,業者,の,値段,容量
494,5,価格,手頃,荒い,感触,一時期
502,5,驚き,価格,モバブ,手,容量
510,5,価格,商品,値引き,いい,大幅
515,5,値段,購入,心配,素晴らしい,パファーマンス
530,4,損,値段,以上,それ,一つ
539,5,分,値段,商品,充電,どこ
554,5,価格,なし,感,うれしい,問題
555,4,中国,価格,製,他,デザイン,決め手,どれ
561,5,大きい,価格,それ,(^^;,安い
567,5,!!,価格,5,iPhone,Nice
577,5,価格,商品,充電,性能,外観
588,5,訳,価格,小さい,味気,帯
636,5,十分,価格,的,満足,容量
639,4,たまらない,値段,気,高騰,一品
651,5,値段,以上,不自由,の,もの
658,4,値段,ケーブル,こちら,いい
690,4,価格,手頃,上,品,さ
698,5,価格,よう,GOOD,容量
703,4,値段,ダンボーデザイン,安く,容量
706,4,価格,可愛,購入,通常,機種
716,5,値段,調歩,デザイン,スマホ
738,5,ない,無理,ハンパ,転売,価格
788,4,価格,素晴らしい,割,性能
804,4,値段,iPhone,良い,５
852,4,値段,見た目,割り,良い
867,5,納得,価格,Good,便利
874,5,価格,通常,完了,購入,個
886,5,価格,満足,共,容量
892,5,10400,価格,問題,びっくり,mAh,サイズ
902,5,値段,目的,充電
912,5,価格,購入,満足,デザイン,ほしい
917,4,コスパ,高く,値段,重たい,可愛い
918,5,値段,辺,大きく,やつ,容量
920,5,値段,他,心強い,これ,容量
948,5,価格,フル,回分,充電,リーズナブル,３,友人,容量
962,5,値段,大き,文句,何,容量
1015,5,価格,重,バッテリー,さ,容量
1017,5,プレゼント,日,値段,安い,子供
1027,4,値段,手ごろ,上,良い,理解
1035,5,値段,満足,容量,安く,わり
1046,5,価格,満足,大変,容量
1049,5,価格,素晴らしい,性能
1051,5,価格,みたい,良い,大手,8,転売,適正,の
1071,1,値段,以上,カラバリ
1074,1,値段,気,もの,の,べらぼう
1075,4,値段,相応,的,それ,時間
1079,4,安い,見た目,つば,良い,価格
1081,3,価格,納得,事,私,版権,値段,素晴らしい
1085,4,イイ,値段,問題,性能,見た目
1106,4,安い,価格,保護,やすい,の
1108,5,価格,文句,よう,冷や汗,なし
1123,3,値段,手頃,デザイン,いい
1131,5,正規,更新,価格
1138,3,価格,安かっ,性能,お金,満足
1139,4,値段,可愛く,残,手頃,残念
1151,5,値段,安い,多い,損,わり
1175,5,値段,楽しみ,現物,仕方,時間
1180,4,値段,可愛い,機能,高め,すごく
1185,5,値段,とき,1,やすい,得
1201,3,充電,買い得,モバイル,の,値段,高く,手頃,かわいい,バッテリー,容量
1203,3,値段,屋,cheero,アホ,さん
1208,5,価格,購入,対,ボー,性能
1212,1,以上,値段,始末,円,自社
1216,1,値段,手,よう,おもちゃ,使用
1221,1,普通,値段,購入,私,の
