67,2,値段,期間,こと,Anker,限定
95,4,時,価格,キャンペーン,対応,一番
103,5,価格,よく,国産,品質,品
126,5,値段,以上,質感,こと,点
154,5,価格,帯,いい,値段,手頃,早く
181,5,安い,価格,記念,,,発売,円,値段,熱く,充分,500
184,5,値段,よい,コンセント,一つ,買い物
188,5,値段,安い,ポート,方,6
193,4,価格,記念,大変,発売,入手
213,4,値段,良い,ほう,いい,もの
218,4,高く,化,よい,価格
219,4,価格,通常,仕方,購入,残念
220,5,以上,価格,便利
240,4,値段,見た目,的,高い,わり
