1,5,価格,海外,安,さ,メーカー
7,4,値段,5,iPhone,ナイス
19,5,値段,コンパクト,シンプル
26,3,よい,満足,商品,の,価格
27,5,安い,値段,こと,重宝
28,5,値段,使用,安く,充分,保証
32,4,ストレス,値段,安く,持ち運び,満足
40,5,おすすめ,価格,こと,安く,軽く
45,4,値段,丁度,充電,いい
48,5,値段,グッド,最適,あと,安く
57,4,値段,購入,勧め,手頃,旅行
64,5,値段,安い,容量,の,重宝
71,5,以上,値段,得,ミンチィア,小さく
73,5,値段,携帯,フル,安く,充電
86,5,値段,日帰り,コストパフォーマンス,Fit,容量
91,5,価格,照明,最高,さ,軽
92,5,ライト,見かけ,ハード,値段,こと,容量
98,5,価格,気,充分,iPhone,さ
101,5,価格,安く,5600,絶対,問題,よう,コストダウン
113,5,通り,値段,手頃,とき,もの
145,4,値段,高い,店頭,購入,ハズレ
152,5,値段,フル,充電,得
153,5,値段,購入,バッテリー,品質,満足
157,5,小さめ,値段,手頃,ANKER,M
164,5,回数,デザイン,的,さ,価格
172,4,LED,込み,送料,付き,価格
178,5,価格,品質,信頼,ANKER,の,2100,オフ,円,％
192,5,値段,美しい,無骨,安く
206,4,),値段,ヶ月,コストパフォーマンス,製品
229,5,ダサかっ,値段,安い,これ,袋
230,5,ここ,ポイント,事,価格
233,5,０,mAh,値段,スマ,いい
242,5,ところ,値段,重量,欲しい,軽く
253,5,値段,文句,なし,安く,大き
258,5,価格,充電,相応,さ,以上,5,iPhone,値段,こと,大き
265,4,値段,屋,電気
280,3,価格,差,大きかっ,安く,品,ライト,容量
303,5,値段,コンパクト,購入,バッテリー,手頃
313,5,価格,これ,十分,性能,一流,もの,方,値段,イマイチ
328,4,値段,フル,いい
331,3,日,安,何,さ,価格
