8,5,十分,価格,対比,スピード,劣化
9,4,価格,手頃,商品,おしゃれ,梱包
14,4,歴然,価格,おすすめ,差,リーズナブル
15,5,価格,的,デザイン,面,魅力,容量
17,5,価格,アップ,無理,廉価,以上,要望,購入,程度
28,5,値段,感じ,的,動作,得
30,4,値段,最低,手頃,いい,容量
31,4,入手,価格,手頃,バッテリー,容量
38,4,値段,やすい,文句,なし,自分
39,5,価格,性,面,耐久,大変
40,5,薄型,価格,機能,満足
47,3,mA,価格,10000,薄,さ
54,5,値段,割,容量,おしゃれ,ケース
60,1,値段,デザイン,満足,全て,容量
63,5,値段,気,大変,手頃
70,5,価格,満足,充電,容量,製品
74,4,安い,価格,満足,割,容量
81,5,値段,リーズナブル,おしゃれ,ケース
87,5,安い,価格,可能,の,容量
103,5,値段,ソフト,安く,上,容量
105,5,値段,安い,評価,いい,小さく
