1,1,本来,価格,こと,倍,何,(,再販,適正,転売,程度,供給
2,5,価格,実現,容量,日本,製
5,5,価格,リリース,再販,2780,Amazon,前後,記念,今,通常,準備,台,の,適正,購入,販売,円
6,4,価格,なん,倍,アップ,小さく,事,安く,値段,特徴,馬鹿
7,5,コス,価格,星,５,品質
8,5,価格,リリース,記念,継続,検討
10,4,価格,通常,2780,3500,今,さ,軍配,製品,値段,円
22,3,価格,文句,期待,年,なし
27,5,値段,梱包,デザイン,固かっ,等
32,3,値段,くま,これ,安
37,5,価格,帯,バッテリー,Anker,メーカー
41,3,価格,デザイン,重,機能,の
53,4,通り,価格,以上,製品
57,5,価格,みたい,cheero,いい,値段,こと
60,3,必須,価格,ダンボータイプ,同社,手ごろ
64,5,価格,デザイン,バランス,サイズ,容量
67,4,価格,こと,買い物,良い,よう
74,5,価格,他社,さ,良い,製品,値段,どれ,品質,容量
83,5,値段,mAh,5400,位,さん
85,5,安い,長時間,録画,これ,価格
87,5,国産,良い,屋,値段,転売,ほう,容量
93,5,価格,リリース,今,購入
100,5,力,価格,競争,),初期,気,anker,競合,こと,☆☆☆☆☆(,優位
101,5,ところ,値段,ダンボーモデル,10400,mAh
108,5,価格,直販,2780,良心,3500,記念,Cheero,発売,mart,高い,バッテリー,円
110,5,価格,通常,限定,リチウムイオンバッテリー,付近,1,小売,購入
113,4,値段,正規,購入,再販,Amazon
120,5,久しぶり,価格,製,日本,製品
124,5,価格,通常,質,商品,共,モバイル,損,ない,バッテリー
135,5,モバイル,価格,ＢＴＴ,記念,対応
142,4,一月,価格,iPhone,さ,容量
149,5,安い,価格,の
156,5,価格,購入,初回,限定,軽い
157,5,良い,価格,手頃,良く,品質
158,5,時,価格,通常,十分,キャンペーン,値打ち,購入
159,5,値段,安く,容量,重宝
164,5,値段,以上,的,価値,結果
166,4,それ,相応,値段,購入,の
185,4,価格,手頃,旅行,際,製
188,5,値段,使用,安く,大き,物
190,4,価格,大変,大き,良い,さ
195,5,値段,手,セール,満足
201,5,02,価格,小さく,携帯,純正,質感,安全,性能,性,軽い,程度,ドコモ
203,5,大きい,鞄,値段,コストパフォーマンス,安かっ
213,5,値段,大きかっ,以上,充電,性能
222,5,価格,購入,キャンペーン,使い勝手,0
230,5,値段,すごく,良い,非常
233,5,価格,こと,安心,容量
242,5,価格,リリース,満足,購入,問題
243,5,価格,安く,の,日本,満足
246,5,おすすめ,シンプル,白,これ,価格
250,5,時,値段,購入,長時間,得
259,5,値段,リーズナブル,の,これ,容量
261,5,値段,安い,良かっ,これ,容量
268,5,価格,こと,不安,さ,安
279,5,モニター,購入,安く,価格
280,5,プレゼント,大人げ,大きく,価格,3500,再販,セール,最高,値段,容量
281,5,価格,2780,セール,高い,値段,購入,際,初回,円,さん
313,5,値段,安い,安全,安心
315,5,価格,よかっ,iPhone,品,容量
317,5,人,価格,商品,記念,発売
321,5,1,価格,帯
325,5,価格,重量,そう,の,容量
331,5,値段,軽,良かっ,コストパフォーマンス,容量
336,4,値段,安く,cheero,容量,安心
337,5,値段,安い,最高,日本
344,5,価格,安く,充電
349,5,価格,大き,さ
351,5,値段,すごい,性能
352,4,価格,重量,.,妥当,容量
360,5,価格,通常,不安定,購入,到着
365,4,価格,帯,15,容量,.
371,4,それ,値段,バランス,さ,容量
383,5,価格,出先,5,充電,これ
387,4,ところ,すごい,残念,値段,他人,容量
388,4,それ,値段,の,半分,Panasonic
394,5,予定,価格,リリース,安く,販売,2780,得,3500,記念,通常,メーカー,他,自分,実現,クオリティ,円
404,4,価格,こと,記念,紹介,発売
409,5,価格,cheero,以上,笑,値段,mAh,容量
415,5,価格,素晴らしい,すごい,UP,破格
416,5,価格,記念,驚き,再販,1,満足,容量
417,5,安い,ため,携帯,余分,もの,値段,便利,の,容量
425,3,無い,値段,パ,さ,コス
433,4,時,価格,ため,高騰,適正,購入,品薄
437,5,値段,的,魅力,付属,品
446,5,本体,価格,質感,度,満足
453,5,時,価格,3500,若干,仕様,適正,円
455,5,値段,手頃,商品,長く,さん
456,4,ところ,転売,購入,措置,価格
464,4,価格,安く,記念,さ,そう,購入
465,5,おすすめ,星,質,商品,さ,値段,重,よう
470,5,2,感じ,よう,,,価格
477,5,モバイル,値段,デザイン,バッテリー,申し分
484,5,一時,購入,高騰,今,価格
485,5,安い,大変,役,方,価格
487,5,価格,キャンペーン,出力,得
492,5,価格,通常,想像,購入,ため
493,3,価格,購入,キャンペーン,良かっ,サイズ
500,5,価格,安価,大きく,満足,小さく
507,5,値段,価格,スペック,満足
525,1,価格,リリース,(￣▽￣),安,今,の,方,適正,初回
526,5,値段,コス,パ,これ,容量
530,4,ギリギリ,当初,キャンペーン,良かっ,価格
534,5,価格,紹介,手頃,購入,容量
536,4,時,価格,通常,イン,ため,到着,記念,間違い,容量,評価,更新,確認,アクセス,ない,購入,カート,後,一
537,5,特別,他社,少ない,同様,価格
548,5,量,価格,充電,コストパフォーマンス,抜群
566,5,2,価格,リリース,記念,,
567,5,通り,値段,商品,告知,レビュー
568,5,質,価格,以上,良く,価値
581,4,),(,手,限定,価格
588,2,特別,よかっ,個,価格
589,5,価格,記念,日本,発売,製
597,2,価格,事,次回,1,検討,の,据置
599,4,値段,安い,デザイン,素敵,大変
603,3,安い,価格,意味,記念,いくら
607,1,値段,よう,私,人,6
611,1,リチウム,価格,リリース,開始,前後,ビックリ,記念,通常,国産,,,違,気,2,w,値段,円,3
