3,1,価格,達成,ファイク,馬鹿,商品,性能,者,分
8,2,中国,値段,安い,しょうが,製
9,1,値段,安く,容量,ダメ
13,4,値段,モンク,フル,充電,的
16,1,大きい,価格,安い,悪い,容量
18,5,０,条件,ケーブル,コストパフォーマンス,価格,的,クリア,ものすごく,値段,円
21,5,商品,いい,繰り返し,20000,値段,mAh,程度
30,5,値段,リーズナブル,3,容量,時間
37,1,受電,量,満足,充電,価格
43,1,相応,価格,20000
44,4,割,なし,割り,いい,非常,性,耐久,値段,残
47,5,価格,結構,ケーブル,本体,気,セット,お買い得,バッテリー
48,5,安い,価格,ケーブル,容量,問題
51,4,値段,ん,2000,どれ,円
52,5,値段,今回,商品,安く,容量
60,5,値段,便利,これ,容量
61,5,価格,ケーブル,量販,予定,倍,子供,値段,mAh,お買い得,付き
65,1,のど,商品,最初,オススメ,最高,コード,安,値段,どれ
68,5,ランプ,十分,手頃,価格
74,5,値段,お買い得,これ,容量
76,3,悪い,値段,充電,の,いい
77,4,価格,満足,なに,長時間,容量
84,5,性能,000,期待,の,満足,値段,凄,円,すごく
85,5,点,価格,ロス,及第,多い
88,4,良い,スマホ,値段,三つ,!?,容量
89,5,価格,良い,帯
93,2,値段,重たい,オススメ,周り,容量
103,4,余裕,価格,他,ん,容量
105,5,価格,手頃,使用
108,5,値段,回,重宝,これ,満足
129,4,値段,大きく,安く,送料,容量
145,5,価格,記載,それなり,上,適正
148,5,値段,割り,凄い,容量
152,3,値段,mAh,すごく,やすい,20000
155,5,値段,購入,こと,みなさん,可能
159,5,値段,げ,安く,さ,容量
166,5,価格,重量,安く,パ,ゲージ,1,最高,そこ,お買い得
168,2,値段,安,外,良く,心配
171,4,値段,重い,充電,さ,安
173,2,価格,こと,販売,これ,安かっ
175,1,値段,mAh,的,個人,20000
176,5,安い,以上,コストパフォーマンス,台,半日,2,上,値段,容量
180,5,携帯,値段,よう,使い,安い
185,5,価格,わり,以前
204,5,価格,時間,良かっ,安く,容量
