1,5,価格,これ,面倒,微妙,別,設定,出品,アカウント,ポイント
9,2,値段,ない,週間,仕方,充電
19,1,億劫,完全,通電,の,価格
32,1,値段,梱包,高い,荷物,品物
39,2,途中,値段,仕方,の
52,1,値段,相応,商品,充電,速度
62,1,安い,値段,他
72,1,時,価格,(,高い,110,問題,購入,こちら,円
74,1,値段,円,物,満足
79,1,値段,使用,こと,定か,問題
90,1,値段,期待,使い物,いい
92,1,値段,安かっ,購入,良かっ,の
95,1,値段,なく,可
108,1,相応,価格,充電,ブーン
116,1,値段,よい,長持ち,重宝
117,5,ところ,価格,的,個人,問題
118,4,値段,機能,気,音,的
119,2,安い,価格,純正,気,の,品,値段
126,4,価格,先,良い
133,1,他,使用,毎日,すごい,価格
139,1,安い,価格,等,バリ,文句
145,1,価格,数,回
167,4,価格,問題,使用
173,4,値段,の,良い,コストパフォーマンス
180,1,価格,オススメ,送料,無料
184,4,値段,見た目,無し
191,1,びっくり,価格,iPhone
194,1,便利,価格,良かっ,心配,ルーズナブル
199,1,価格,安,さ,物,多い
202,4,値段,たま,こと,機能,純正
207,4,値段,購入,商品,後,問題
212,2,価格,これ,問題
213,5,イイ,価格,どれ,の
221,5,迅速,価格,購入
242,4,値段,的,クリア,|,手頃
248,3,価格,今,人,評価,不安
255,5,値段,格安,商品,安心,問題
270,5,価格,iPhone,安心
275,5,値段,使用,安い,スペア,良好
285,5,値段,文句,安く,品,満足
288,5,値段,AC,よう,の,アダプター
289,5,値段,安い,２,品,イメージ
291,5,十分,価格,的,外,製品
300,5,価格,よかっ,利用,安かっ
302,5,認識,満足,確認,価格
303,5,i,価格,充電,5,くら
306,5,値段,安かっ,購入,個,満足
311,3,値段,以上,価値,充電,4
317,4,価格,購入,の
318,5,やすかっ,値段,得,わり,問題
328,5,値段,価格,安い,心配,問題
332,5,安い,値段,問題,十分,満足
