10,3,値段,最悪,キャンセル,勝手
20,4,価格,さ,エレコム,ベスト,自動車,購入,製,大き,普段
28,4,以上,価格,容量
29,5,通り,価格,満足,期待,リーズナブル
31,5,値段,到着,格安,問題,早く
34,5,値段,安,ミリアンペア,さ,容量
35,5,値段,色,こと,手頃,満足
43,5,価格,やすい,長持ち,いい
47,4,値段,最高,バッテリー,量
50,5,価格,購入,4700,いま,mAh
60,4,十分,価格,高性能,おまけ,質感
64,5,値段,重い,2,やすい,回
73,5,回,大変,満足,充電,価格
83,4,価格,バランス,満足,大変,容量
86,5,価格,4500,弱,他,ん,9400,の,mAh,処分
89,5,値段,大きい,格安,重宝,容量
90,5,安い,価格,大丈夫,^
102,5,他,今日,店,使用,価格
116,5,それ,価格,格安,送料,込み
119,1,価格,安く,良く,内容,メーカー
