3,3,余裕,値段,送料,充電,無料
18,5,見た目,悪く,安く,価格
27,2,以上,到着,質感,商品,価格
32,5,価格,満足,財布,やさしい
33,5,価値,プラネックス,商品,以下,の,値段,優秀
46,3,値段,高い,音,こちら,発火
50,4,値段,可変,対応,満足
60,5,価格,他社,買い替え,高かっ
66,4,値段,ポート,4,社,製品
77,5,値段,サイズ,小さく,の,問題
111,3,値段,手,出力,の,アダプタ
135,3,納期,満足,全て,品質,価格
156,5,ところ,価格,不具合,割り,たのもしく
174,4,価格,よかっ,もの,ポート,安けれ
193,4,適正,良い,価格
218,1,値段,安い,変,の,良い
225,3,値段,使用,等,作り,手頃
262,1,値段,感じ,相応,USB,微妙
