7,5,幸い,価格,手,太陽光,目通し
16,3,万,価格,全体,円,レビュー
25,5,価格,パネル,充電,手頃,能力
28,5,価格,高い,出力,コストパフォーマンス,W
31,5,値段,高い,不自由,設定,無く
37,4,価格,常用,装備,性能,申し分
46,5,価格,回収,現在,投資,電力
49,4,値段,欲しい,出力,嬉しかっ
54,5,値段,コス,合格,パ,点
56,4,値段,手頃,エコ
61,5,価格,文句,性能,能力,半減
62,4,レビュー,使用,値段,の,家
63,5,価格,パネル,性能
64,4,チョッピリ,ソーラー,パネル,安,価格
75,4,A,価格,充電,千,大変,98,7,値段,8,購入
77,4,astro,値段,事,FSC,購入
86,5,安い,価格,タイプ,W,コス
99,5,用,値段,手頃,常備,ため
111,5,値段,的,すばらしい,手ごろ
118,3,時,これ,ツール,存在,実力,値段,高価
122,5,価格,満足,評価,性能,参考
136,4,値段,用,Ａｎｄｒｏｉｄ,ケーブル,メーカー
144,1,値段,安い,7,W,後者
