4,4,ユーザ,価格,こと,性能,スペック
12,1,値段,場合,他社,アフターサービス,販売
33,4,場合,価格,倍,差,Amazon,もの,513,販売,円
50,1,０,値段,本体,w,メイン
61,5,びっくり,価格,割,こだわり,上品
77,5,値段,まちまち,心配,お供,コンパクト
135,4,自作,値段,今,もの,容量
139,5,),値段,デザイン,充電,性能
140,4,値段,(,よう,間違い,追記
142,5,1,価格,それなり,通電,手ごろ
151,4,値段,充電,対応,５,性能
171,5,値段,安い,不可,始末,これ
175,5,ところ,ありがたい,もの,高め,価格
180,1,価格,程度,使い捨て,品,製品
191,1,望ましい,価格,スイッチ
228,5,値段,安定,手頃,大変
236,2,比較,価格,バランス,よう,品質
261,5,価格,造り,割,サイズ,手のひら
277,4,絶妙,損,,,3,設定,値段,手頃,円
316,3,値段,高い,ケーブル,ため,Lightning
324,5,価格,手頃,なく,ため,時間
327,5,家電,価格,５,ポート,ステキ
332,5,条件,割,差,アマゾン,良い,自体,多少,値段,購入
341,5,０,価格,２,軽く,小さく
398,4,値段,セール,充電,買得,問題
413,5,値段,安,遭遇,さ,こいつ
464,5,値段,良好,良い,の,これ
465,5,価格,質感,個,些細,辺り,相応,的,値段,見た目,2,もの,問題,ない,わけ,サイズ,Apple
473,5,値段,電源,周り,得
475,5,価格,素晴らしい,悪く,これ
476,5,リーズナブル,使用,快適,10,価格
478,3,値段,手頃,良かっ,これ,満足
558,1,値段,様子,手頃,配線,非常
583,5,価格,梱,割,充電,ポート,正常,中華,複数,品,値段
594,5,リーズナブル,価格,所,私,大き
631,4,値段,相応,の,品質,製品
647,5,リーズナブル,充電,早い,コンセント,価格
659,5,価格,タイム,セール,購入,同月
661,4,値段,器,充電,の,性能
687,5,値段,よう,対応,もの,差
692,5,注文,値段,５,ポート,目
695,2,A,価格,お買い得,出力
744,4,),以下,購入,アダプタ,価格
749,5,値段,以上,丁寧,マット,仕上げ
752,5,カスタマー,充電,対応,急速,価格
769,1,１,満足,台,度,価格
810,4,価格,ボッタクリ,最後,楽しみ,デザイン,機能,つくり,値段,設定,購入,サイズ
813,5,値段,こと,一,これ,ケーブル
814,5,値段,器,最適,充電,の
816,5,価格,機能,差
818,5,価格,かなり,発熱,しかた,電力
836,1,価格,高性能,やすい
841,5,値段,購入,セール,もの,いい
850,5,値段,仕様,2,過剰,,
853,4,値段,充電,複数,満足
890,3,充電,これ,悪かろ,製品,PowerIQ,真面目,値段,装備,安かろ
916,4,値段,商品,どれ,安く,性能
934,5,2,価格,キャンペーン,台,円
940,4,値段,熟成,若干,高め,製品
955,5,価格,友人,そう,安く,問題
956,5,安定,ありがたい,こちら,値段,半額,こと,状態
973,4,値段,質感,充電,性能,サイズ
978,5,価格,素晴らしい,規格,サイズ,上
983,5,分,価格,十,USB,良い
988,5,ところ,価格,物
1006,1,十分,器,値段,機能,得
1007,5,値段,安い,的,上,懐疑
1009,2,口,値段,費用,5,対
1018,1,無い,値段,購入,良かっ,位
1020,4,値段,本体,割,さ,そう
1066,5,価格,アイテム,仕方,最高,的
1069,5,大きい,値段,対応,家,高く
1072,5,値段,便利,割
1106,5,リーズナブル,価格,早い,非の打ち所,時間
1137,5,用,価格,購入,以上,これ
1140,5,価格,バランス,商品,いい,全て
1153,5,A,8,帯,４,価格
1188,5,リーズナブル,価格,仕組み,文句,凄い
1208,2,価格,コンパクト,-,さ,他,1,満足
1219,4,安い,価格,もの,コストパフォーマンス,抜群
1220,5,やすく,メール,Amazon,こと,価格
1237,5,値段,使用,お買い得,問題
1242,4,安い,価格,出荷,甘く,仕様,デザイン,の,2014,検査
1253,5,値段,18,ヶ月,充電,重宝
1255,4,故障,高く,安心,間違い,価格
1273,5,値段,適当,性能,外観,２
1293,5,以上,価格,形
1331,3,価格,台,性能,高め,一
1333,5,値段,リスト,性能,上位,サイズ
1342,5,価格,的,モノ,アダプタ,容量
1344,4,価格,タイム,内容,サービス,事,商品,割り,自体,以上,満足,購入
1366,5,値段,以上,価値,重宝
1374,5,値段,どっち,ところ,指定,ポート
1398,5,価格,デザイン,星,良し
1417,5,値段,手頃,USB,活用,家庭
1423,4,安い,価格,文句,無し,コイル
1439,5,値段,コンパクト,質感,手頃,いい
1474,5,値段,買い,的,良い,電流
1481,5,他,価格,的,魅力
1528,3,値段,充電,デザイン,やすい,速い
1559,5,価格,復活,電源,機能,満足
1627,4,値段,デザイン,充電
1636,5,値段,シンプル,バランス,品質,製品
1654,4,価格,手頃,機能,存在,ありがたい
1693,3,価格,手頃,なく,縦,やすい
1701,5,値段,早い,時間
1705,4,値段,よし,手触り,いい
1722,4,値段,やすく,手頃,５,ポート
1725,5,価格,手頃,なく,重宝
1768,5,値段,知り合い,手頃,簡単,いい
1772,4,通り,値段,おすすめ,安い,機能
1797,4,リーズナブル,価格,商品,良い
1847,4,安い,価格,給電,事,の,サイズ
1861,5,スマート,価格,デザイン,的,良心
1862,5,時,価格,大変,整理,機能
1954,5,価格,的,魅力,返品,スペック
1956,4,値段,安けれ,気,充電,満点
1987,5,コンパクト,手頃,思い,購入,価格
2000,5,他,安定,製品,これ,価格
2018,5,値段,用,自体,充電,満足
2047,4,用,値段,安く,会社,品質
2063,5,価格,五つ,個,良心,的,方,値段,久々
2067,4,コンセプト,的,製品,魅力,価格
2079,1,値段,1,ポート
