9,4,値段,不満,怖い,乾電池,の
17,4,値段,便利,安く,充電,切れ
21,4,ところ,結論,値段,相応,コストパフォーマンス
25,4,値段,ない,文句,やすい,不安
33,4,それ,可愛い,値段,商品,良い
47,5,値段,おすすめ,大量,198,円
49,5,値段,的,大き,いい,~
50,2,値段,mAh,モバイル,バッテリー,1900
52,3,値段,エレコム,品質
60,4,市販,価格,割
62,4,難,価格,性,強度,携帯
77,5,よい,安く,３,価格
82,1,安い,価格,嬉しい,ほう,保険
94,5,♪　,価格,素晴らしい,音,回路
95,5,値段,安かっ,購入,時間
