4,5,価格,値打ち,心配り,長,メーカー
7,5,値段,手頃,ケーブル,性能,いい
10,2,値段,好感,両社,性能,大差
30,5,価格,用品,年,購入,１
49,5,値段,安く,なく,断線,使い勝手
50,4,月,サービス,(,799,価格
66,5,価格,半額,近く,発売,製品
86,5,十分,値段,手頃,性能,色
90,5,素,価格,貧,筆,晴
100,4,安定,価値,価格,相応,安心,値段,そう
114,5,安い,充電,安く,満足,時間,値段,為
122,5,市販,価格,安い,品,大丈夫
144,5,時,便利,値段,満足,高く
186,5,時,さ,コスパ,いい,値段,購入,長
194,1,値段,割,コード,..,満足
198,1,値段,返品,購入,交換,安心
