8,1,値段,便利,アダプター,の,コンセント
9,5,価格,容量,割,サイズ,製品
12,5,便利,手頃,さ,価格
15,5,値段,安い,充電,％,良い
17,1,値段,大きく,倍,5,容量
20,1,!,割,デザイン,絶対,値段,便利,たより,愛用
25,2,値段,会,手頃,会合
27,3,値段,便利,相応,持ち運び,の
38,5,),値段,相応,ﾟ
49,1,値段,熱く,こと,安い,そう
63,5,コンパクト,性,信頼,価格
65,4,他,値段,分,の,感想
75,3,値段,相応,安い
77,3,分,価格,的,充電,手ごろ
78,5,価格,ブランド,差,少ない,中国,高い,もの,量,BUFFALO
85,4,使用,満足,安く,価格
138,5,用,価格,購入,安く,大変
141,5,!!,価格,購入,やすい,理由
