29,5,価格,容量,の,保証,向き
30,5,価格,信頼,ブランド,の,やすい
34,2,価格,こと,評価,3000,円
42,1,本体,価格,セット,ない
45,1,時,価格,購入,期待,以上
49,5,値段,程度,返品,の,バッテリ
58,5,値段,安い,購入,割り,容量
70,5,値段,話,そこ,大事,タイム
74,5,値段,安,割,内容,大丈夫
78,5,価格,梱,出力,差,現在
83,1,本体,価格,バッテリー,充電,問題
88,4,以上,大きい,面,機能,価格
91,4,大きい,重い,値段,他,容量
97,5,値段,すごい,出力,予備,アダプター
106,5,値段,工場,妥当
134,5,値段,ベスト,容量
136,5,値段,非常,コストパフォーマンス,付属,アダプター
144,4,値段,ん,買い,安物
159,3,以上,価格,大きく,ボディー,高級
163,4,総合,値段,的,2980,(
166,5,値段,欠点,手頃,充電,早く
167,5,価格,欲しい,コンセント,予備,満足,3,重宝,容量
170,5,値段,台,割,安っぽい,目
183,3,値段,以上,%,働き,そう
184,5,大きい,価格,購入,他,!?…
185,5,値段,ポイント,そこ,高く,高かっ
187,1,値段,近い,ダンボーバッテリー,方,可愛い
196,5,値段,手頃,速度,保証,早かっ
218,5,値段,性能,誰,もの,満足
219,5,コンパクト,手頃,スマ,ぶん,価格
220,5,値段,１,購入,充電,コネクタ
228,2,価格,代,良心,本体,的,購入,同等
229,5,びっくり,値段,安い,さ
237,5,値段,アイフォン,5,もの,得
253,5,価格,帯,大き,タブレット,コストパフォーマンス
263,4,値段,以上,重量,場面,素晴らしい
266,5,値段,デザイン,よう,充電,製品
273,5,値段,下位,僅差,本,版
283,4,値段,AC,(*^_^*),アダプター
288,5,いっぱい,値段,使い勝手,感,形状
297,5,無い,今回,値段,購入,後押し
298,5,値段,mAh,驚異,的,容量
300,4,値段,カ月,驚き,近く,性能
305,5,不便,使用,値段,性能,文句
307,5,価格,気,文句,品質,なに
314,5,価格,倍,充電,納得,国産,本体,3,2,円
321,5,価格,つもり,試し,良い,容量
332,4,値段,購入,充分,よかっ,いつ
336,4,市販,価格,倍,ならでは,いい,値段,通販,買い物,普通
340,5,値段,下位,機種,大きい,容量
344,4,値段,コスパ,の,これ,製
351,2,値段,あたり,cheero,物,容量
359,5,本体,価格,収納,良かっ,ポーチ
361,5,値段,以上,xxx,良品
362,5,値段,以上,xxx,良品
373,5,値段,2999,13000,円,mAh
380,5,意味,感じ,いい,最初,の,値段,使用
384,5,値段,文句,なし
385,4,値段,十,大き,さ,とも
396,4,価格,購入,値打ち,商品,容量
402,4,十分,回,充電,価格
403,4,値段,充電,手頃,私
405,5,値段,よい,手頃,良かっ,大変
410,1,充電,急ぎ,得,携帯,使い勝手,良い,方,値段,こと
417,5,値段,回,仕方,充電,ない
418,4,アンカー,価格,星,倍,品質,2,値段,さん
423,5,価格,購入,こと,軽,ＧＯＯＤ
424,5,値段,割,電源,安く,容量
448,4,値段,得,付属,品,容量
450,3,価格,付き,買得,外観,アダプター
460,5,値段,回,充電,大き,得
464,3,それ,値段,手頃,使い勝手,の
478,5,単体,価格,素晴らし,さ,アダプター
483,5,値段,得,ac,容量,アダプター
506,4,災害,価格,１つ,大変,必携,携帯,性,出力,満足,値段,機能,全体,十分,気
512,5,!!,値段,（≧∇≦）,回,一
514,5,値段,器,コストパフォーマンス,付属,容量
518,5,値段,やすく,購入,充電,重宝
543,5,値段,文句,なし,電源,容量
545,5,価格,安,正直,感,安心
561,5,価格,商品,付属,良い,ポーチ
565,5,値段,重い,そこ,気,重宝
567,4,一品,価格,最高,バッテリー,容量
579,5,価格,厚み,満足,薄けれ,性能
584,1,値段,海外,パ,絶対,容量
588,5,価格,期待,2980,正直,円
608,4,まとも,値段,安く,バッテリー,最高
616,2,値段,安い,エージング
617,3,値段,やすい,品質,良い,ただ
626,5,割,納得,いい,さ,の,値段,重
635,5,冷や冷や,日,若干,わたし,ストレス,値段,一,持ち運び,容量
641,4,値段,格安,商品,電源,AC
644,3,値段,通り,期待,回分,充電
676,5,価格,かなり,リーズナブル,仕方,出力,高性能
686,5,手,商品,やすい,いい,価格
688,5,値段,スゲェ,性能
691,5,値段,以外,手ごろ,おすすめ,問題
692,4,値段,円,判別,良い,3000
697,5,価格,バッテリー,の,良い,容量
698,5,大きい,値段,値打ち,バッテリー
699,4,価格,的,非常,容量,満足
700,3,値段,商品,最高,いい,愛用
705,4,価格,AC,点,アダプタ,満足
709,5,価格,すばらしい,ANKER,アダプタ,つき
710,5,AC,安く,甘い,ところ,商品,価値,以上,今回,値段
719,4,大きい,笑,値段,さ,良
731,5,値段,いい,大き,さ,すごく
736,5,価格,購入,満足,安かっ
755,5,携帯,いい,相応,値段,素晴らしい,おまけ,物,容量
757,4,値段,電源,iPhone,いい,アダプター
764,2,値段,モバイル,バッテリー,方,容量
780,5,価格,魅力,付き,容量,アダプター
785,5,価格,内容,現在,安く,今,ベスト,泊まり,無い,前
792,5,質,価格,高品,開始,利用
795,5,電灯,価格,がわり,十分,満足
798,5,便利,時代,もの,いい,価格
799,5,価格,購入,こちら,的,ため
811,5,値段,やすい,機能,ツルテカ,割り
813,5,値段,利用,安く,の,容量
835,4,値段,安い,便利,ハイ,パワー
849,5,値段,安い,早い,これ,時間
850,5,値段,ほんと,オススメ,電源,アダプター
854,4,値段,(^,容量,最高,すごく
857,5,ん,容量,対,良い,価格
858,5,車中,価格,コストパフォーマンス,良い,容量
881,4,価格,000,5,iPhone,円
889,4,価格,購入,付き,の,アダプター
891,5,安い,価格,らい,容量
902,5,価格,安く,不安,いい
904,5,ところ,値段,手頃,バッテリー,ポート
910,4,値段,比較,クオリティー,満足
911,5,よかっ,商品,欲しかっ,安く,値打ち,の,値段
915,2,値段,購入,の,原因,タイム
921,4,値段,十分,バランス,性能,容量
932,5,価格,重宝,商品,容量
933,5,安い,価格,充電,割り,容量
942,5,分,価格,安く,基本,容量
964,5,価格,安く,充電,もの,容量
977,4,値段,納得,それなり,いい,繰り返し
988,5,価格,購入,とおり,性能,の
1042,4,値段,私,付き,アダプタ,Anker
1047,5,安い,価格,容量,感,安心
1054,5,値段,使用,電源,安く
1058,5,安め,mAh,重く,２,価格
1068,4,便利,デザイン,容量,機能,価格
1088,5,),値段,仕方,長く,保証
1098,3,価格,確認,いい,重宝
1113,1,値段,十分,クオリティ
1130,4,価格,的,パ,満足
1133,4,ところ,価格,比,機能,性能
1136,5,以上,メリット,値段,!!,良い
1139,5,価格,手頃,バッテリー,購入,LED
1146,5,値段,かなり,出張,良い,容量
1154,5,iPad,用,値段,品,容量
1155,4,半分,価格,破壊,以下,大手,製品,バッテリー
1170,5,余裕,価格,充電,性能,何
1172,4,価格,文句,これ,良い,容量
1176,5,値段,安い,長時間,付,容量
1192,4,価格,手頃,ホント,さ,満足
1203,5,値段,さ,もの,いい,大き
1207,5,値段,コス,楽,充電,安く
1228,5,値段,充電,手頃,対応,素晴らしい
1230,5,値段,安い,活躍,そう
1231,5,マーク,価格,質感,わり,良い,PSE,黒,値段,購入,為
1233,4,値段,デザイン,オススメ,手頃,いい
1240,5,値段,mAh,13000,良い,重い
1244,4,値段,的,安く
1267,3,携帯,値段,デザイン,サイズ,品質
1271,5,値段,充電,割,パ,良い
1274,2,価格,スペック,良い,品,これ
1275,4,重たい,安かっ,の,試,価格
1291,5,値段,商品,ライト,いい,さ
1294,4,十分,感じ,よう,良い,価格
1298,4,値段,他,こと,心配,よう
1300,4,値段,なかっ,的,よう
1307,4,安い,価格,重い,大きい,容量
1308,4,価格,Chromecast,満足,とも,容量
1311,5,価格,素晴らしい,サイズ,満足
1319,5,価格,充電,内容,器,発売,1,W,帯,版
1328,4,価格,商品,良い,なか
1333,5,値段,的,大きく,容量,満足
1335,5,十分,価格,的,安い,性能
1346,5,値段,コス,商品,割,いい
1357,4,値段,リーズナブル,USB,最強
1360,5,値段,仕様,気,比較,さ
1367,4,ない,価格,使い勝手,品質,申し分
1387,5,値段,安い,の,アダプタ,ほう
1392,5,以前,１,帯,いい,価格
1393,5,女性,価格,電池,苦,安心
1400,5,致し方,価格,安い,性能,範疇
1402,5,価格,店,量販,もの,帯
1405,5,値段,以上,(*^_^*)
1410,5,形状,よかっ,割,使い勝手,価格
1411,3,値段,びっくり,^_^,重,容量
1414,4,両方,価格,商品,配送,満足
1417,4,値段,やすい,わり
1429,5,価格,バッテリー,最高,コストパフォーマンス,容量
1449,5,値段,ライト,LED,円,理由
1471,4,値段,質感,最高,パワー
1494,5,相応,価格,よし,機能,問題
1496,5,価格,コストパフォーマンス,容量
1508,3,値段,使用,こと,不満,容量
1538,5,ベスト,コンパクト,そこ,的,価格
1546,4,値段,感じ,割,小さい,満足
1548,5,値段,よかっ,ライト,付き,安く
1557,5,価格,手頃,大変,性能,良い
1559,1,価格,保証,帯,必要,モバイル,製造,方,セット
1562,4,価格,商品,間違い,性能,他,mAh,容量
1563,5,値段,安い,電源,多く,13000
1582,5,値段,ダンボール,割,箱
1584,5,価格,3,大変,/,容量
1590,5,値段,パフォーマンス,ほう,いい,容量
1621,3,価格,重,安く,さ,重宝
1622,5,価格,満足,とも,性能,点数
1625,5,値段,スピード,配達
1627,4,キット,値段,安い,限定,損
1628,5,価格,不具合,無,内容,満足
1630,5,値段,充電,手頃,ハイ,パワー
1631,5,考慮,価格,こと,家族,払い下げ
1634,4,価格,さ,安
1647,5,価格,週間,デカイ,2014,容量
1652,5,ユーザー,とも,配慮,性能,価格
1662,5,価格,安く,コンセント,品,容量
1663,5,値段,悪い,印象,宣,ざいですそれに
1672,5,値段,すばらしい,500,円
1680,4,安い,パ,容量,最高,価格
1683,2,値段,安い,パ,いい,容量
1684,5,値段,良かっ,割り
1698,4,おすすめ,値段,バッテリー,容量
1709,5,値段,手頃,パ,ばっち,内容
1712,5,損,今,良い,13000,値段,容量,バッテリー,アダプタ,上
1714,5,値段,こと,付属,アダプタ,何
1716,5,１つ,バイ,不満,仕様,価格
1719,5,少なく,値段,匹敵,これ,容量
1738,5,説明,書,ここ,こと,価格
1741,4,やすく,価格,実用,性能,性,長い,保証,あたり,値段,容量
1747,3,値段,非常,充電,コストパフォーマンス,そう
1757,5,うえ,価格,買い物,良い,容量
1758,5,価格,スマ,満足
1759,3,作り,価格,安く,充電,Walkman
1764,4,値段,使用,スマホ,これ,１
1778,5,値段,悩み,解決,手頃,付属
1780,5,値段,18,100,ヶ月,円
1781,4,パッケージ,(,値段,本,品
1784,5,値段,AC,店,家電,アダプター
1787,5,値段,1500,バッテリー,円,自体
1791,4,値段,事,ANKER,存在,容量
1794,5,値段,good,作り,割り
1798,4,時,値段,こと,十分,これ
1817,4,寿命,価格,気,不問,重い
1822,4,比較,価格,バッテリー,もの,容量
1824,5,余計,価格,文句,なく,手間
1826,5,値段,コス,ｍAh,パ,容量
1835,5,一番,値段,の,さ,安
1837,2,安い,価格,高い,コストパフォーマンス,性能
1844,4,安い,価格,タブレット,いま,の,興味,値段
1851,5,マニア,容量,私,安定,価格
1860,4,値段,相応,質感,999,感
1866,4,安い,価格,Amazon,限定,上
1869,5,値段,毎日,すごい,良く,容量
1870,4,値段,的,躊躇,持ち運び,非常
1874,5,2,価格,購入,やすい,感想
1881,5,値段,満足,度,電源,アダプター
1893,4,モバイル,価格,的,評価,容量
1895,5,大きい,価格,3,E,容量
1896,5,ところ,価格,不具合,マイナス,容量
1897,5,価格,高性能,手頃,文句,付け所
1900,1,値段,安い,折,商品,ため
1906,4,値段,重い,容量,充電,時間
1909,4,値段,コス,購入,安く,容量
1927,5,別々,価格,の,いい,付属
1930,1,値段,わけ,満足,容量
1937,5,値段,便利,びっくり,安い,多い
1942,4,価格,容量,充電,満足
1945,3,フルセット,価格,充電,最高
1963,4,いい,意味,不相応,値段,円,3000
1971,4,価格,電池,安,さ,容量
1976,5,十分,ありがたい,値段,商品
1987,4,価格,容量,バッテリー,これ,欲しく
1991,4,値段,購入,商品,割,容量
1996,5,形状,価値,満足,相等,価格
1997,4,値段,梱包,モバイル,バッテリー,キレイ
2013,5,値段,付属,アダプタ
2024,4,価格,購入,人,バッテリー,性能
2026,5,安い,価格,重,一つ,さ
2029,4,価格,良い,容量
2039,5,充電,安く,余力,良い,価格
2055,5,値段,時,なく,自分,容量
2058,5,値段,損,心強い,もの,携帯
2064,4,ない,価格,評価,仕方,３
2070,5,価格,お買い得,充分,性能
2074,4,価格,お買い得,パフォーマンス
2099,4,ありがたい,文句,なし,以上,値段,セット,こと,素晴らしい
2101,5,価格,高い,CP,充電,の
2107,5,値段,それ,高め,満足
2117,5,ｗｗｗ,以上,非常,優秀,価格
2128,4,リーズナブル,価格,これ,安心
2139,4,値段,安く,ていざ,の,そう
2141,3,スマート,価格,手頃,購入,安心
2145,4,mAh,一,満足,13000,価格
2160,3,価格,今,付,アダプタ,一品
2166,5,値段,割,性能,良い,ＬＥＤ
2167,5,値段,購入,ｇｏｏｄ,容量
2186,5,最高,手ごろ,Anker,容量,価格
2190,5,価格,重,mA,性能,群
2194,4,価格,安く,性能,良い,コストパフォーマンス
2197,4,高し,パ,性能,Power,価格
2198,5,やすく,価格,他,引け,持ち運び
2203,5,値段,以上,価値
2218,4,価格,手頃,お買い得,割り
2219,5,価格,ｍＡ,13000,３,１
2250,5,値段,兼ね合い,不安,妥当,保証
2252,4,１つ,便利,安かっ,記念,価格
2254,5,値段,mAh,パ,13000,最強
2256,5,値段,出力,割り,良品
2267,4,影響,価格,税,の,残念
2278,5,安い,mAh,容量,USB,価格
2283,5,ここ,使用,値段,満足,安価
2288,5,値段,ユーザー,ANKER,cheero,購入
2290,5,!!,値段,割り,いい,重宝
2301,3,値段,便利,的,魅力,ため
2309,5,価格,手頃,充電,重い,そう
2313,4,値段,満足,残,サイズ,容量
2316,5,価格,収納,ネット,充電,満足
2327,4,高速,価格,AC,充電,差,帯,やすい,高い,別,円,品,感じ,値段,わけ,100,物
2332,4,値段,文句,充電,付け所,..
2333,5,値段,手頃,いい
2336,4,値段,容量,サイズ,満足
2350,4,値段,重い,割安,いい,容量
2353,5,値段,コス,気,パ,の
2356,4,値段,よい,割,コストパフォーマンス
2364,4,値段,安く,充分,容量
2368,5,価格,大変,得,セール,重宝
2372,5,値段,器,おまけ,安く,付き
2380,5,モバイル,値段,安く,バッテリー,容量
2403,4,プレゼント,価格,魅力,好評,容量
2404,4,値段,よかっ,重,良い,容量
2415,5,だて,価格,満足,mA,安かっ
2427,4,価格,高い,満足,容量
2433,5,値段,重い,手頃,容量
2437,5,値段,十分,商品,機能,納得
2438,4,値段,鞄,小さく,安く,容量
2444,5,価格,商品,5,iPhone,容量
2451,5,値段,安く,普段,使い,容量
2456,5,値段,高い,割,パ,容量
2461,5,値段,重量,的,気,容量
2464,5,値段,コス,パ,さ,凄
2482,5,),笑,値段,13000,mAh
2493,4,値段,安い,電源,満足
2494,5,アマゾン,満足,対応,価格
2506,5,値段,高性能,安く,いい
2509,4,値段,手頃,かなり,感想,やつ
2510,5,値段,結構,割,重量,良く
2532,4,値段,コンパクト,安い,早い,悪い
2533,5,価格,充電,これ,モデル,性能,次期,％,アップ,容量
2537,4,価格,得,前,USB,容量
2541,5,リーズナブル,価格,使い勝手,いい,満足
2549,4,値段,使用,不自由,ケーブル,アダプタ
2593,5,値段,十分,容量,安心
2604,5,重たい,5,充電,回,価格
2625,5,AnkerDirect,価格,購入,連絡,サポート
2626,2,価格,ポーチ,安,やすい,さ,値段,気,ない,mAh,バッテリー
2627,5,値段,やすい,~！,三つ,手ごろ
2632,3,リーズナブル,価格,最高,容量
2638,3,価格,容量,買い物,保証,うり
2639,5,量,価格,充電
2643,5,値段,コストパフォーマンス,性能,満足
2644,5,値段,安い,よく,非常
2649,5,値段,期間,長い,円,3000
2678,5,一時期,よう,問題,価格
2679,5,値段,旅行,満足,容量
2681,5,値段,よく,重宝,バッテリー,わり
2685,5,値段,電源,コストパフォーマンス,いい,つき
2696,4,価格,的,すぎ,コストパフォーマンス,内容
2697,5,値段,安い,ブラック,光沢,良い
2705,3,価格,量販,重要,店,モバイル,機器,1,年,値段,どれ
2724,2,値段,文句,容量
2725,5,値段,利用,オススメ,安い,前提
2733,2,すばらしい,mAh,容量,製品,価格
2741,4,値段,安く,ライト,~♪
2743,5,値段,便利,以上,地味,活躍
2749,5,安い,価格,同等,Anker,製品
2755,3,重い,購入,容量,バッテリー,価格
2759,5,通り,値段,安く,充電,書き
2770,4,AC,ケース,納得,質感,高い,値段,アダプタ
2771,4,値段,到着,魅力,翌日,容量
2789,5,値段,ハイパワーアダプタ,購入,一,込み
2797,4,A,値段,向上,4,.
2799,5,値段,感じ,堅い,価格,安心
2802,2,価格,購入,バッテリー,感,正直
2824,5,価格,手頃,ケーブル,類,容量
2832,5,価格,良かっ,付,容量
2837,5,値段,mAh,安い,13000,容量
2872,4,値段,充電,満足,早い,手
2881,5,ここ,価格,すばらしい,充電,器,そう,amazon,帯,付
2884,1,モバイル,価格,購入,バッテリー,性能
2897,5,値段,安い,良かっ,易い,使い
2901,4,鞄,それ,値段,星,満点
2907,5,値段,安い,製品,容量,短時間
2912,4,価格,購入,安く,の,良い
2942,1,どっち,見た目,2014,/,価格
2946,4,値段,anker,良い,これ,買い物
2954,3,安い,価格,十分,重い,製,1,値打ち,保証,理由,値段,500,容量
2992,1,値段,安い,無駄,13000,ん
2997,2,価格,3,低い,\,の
